Repository,Language,Files,Blank,Comment,Code
mohitmishra786/Competitive_Programming,C++,255,1331,3749,8342
mohitmishra786/Competitive_Programming,Markdown,35,165,0,321
mohitmishra786/Competitive_Programming,Python,7,69,36,300
mohitmishra786/Competitive_Programming,Text,2,0,0,3
mohitmishra786/Competitive_Programming,YAML,1,2,3,26
mohitmishra786/mohitmishra786,CSV,3,0,0,1051
mohitmishra786/mohitmishra786,JSON,1,0,0,10
mohitmishra786/mohitmishra786,Markdown,3,63,8,204
mohitmishra786/mohitmishra786,SVG,8,1,0,67
mohitmishra786/mohitmishra786,Text,1,0,0,1
mohitmishra786/mohitmishra786,YAML,5,81,45,435
mohitmishra786/cv-wiz,CSS,2,80,44,408
mohitmishra786/cv-wiz,Dockerfile,1,14,13,36
mohitmishra786/cv-wiz,HTML,1,12,11,125
mohitmishra786/cv-wiz,JSON,6,0,0,7321
mohitmishra786/cv-wiz,JavaScript,5,127,145,691
mohitmishra786/cv-wiz,Markdown,3,75,0,215
mohitmishra786/cv-wiz,Python,25,673,800,2484
mohitmishra786/cv-wiz,SVG,5,0,0,5
mohitmishra786/cv-wiz,Text,1,1,0,19
mohitmishra786/cv-wiz,TypeScript,41,758,354,5327
mohitmishra786/TheCoreDump,Bourne Shell,3,26,18,117
mohitmishra786/TheCoreDump,C,4,94,20,450
mohitmishra786/TheCoreDump,HTML,3,35,16,240
mohitmishra786/TheCoreDump,INI,1,4,0,15
mohitmishra786/TheCoreDump,JSON,5,0,0,101
mohitmishra786/TheCoreDump,JavaScript,1,11,6,101
mohitmishra786/TheCoreDump,Markdown,91,9935,14,26311
mohitmishra786/TheCoreDump,Ruby,1,4,2,8
mohitmishra786/TheCoreDump,YAML,6,58,126,264
mohitmishra786/vantage,Bourne Shell,2,187,163,556
mohitmishra786/vantage,CSS,1,41,13,303
mohitmishra786/vantage,Dockerfile,1,12,15,21
mohitmishra786/vantage,HTML,13,486,129,3421
mohitmishra786/vantage,JSON,4,0,0,4915
mohitmishra786/vantage,JavaScript,4,101,112,406
mohitmishra786/vantage,Markdown,4,148,0,407
mohitmishra786/vantage,Python,24,870,1229,3147
mohitmishra786/vantage,SVG,1,0,0,1
mohitmishra786/vantage,TOML,1,7,0,64
mohitmishra786/vantage,Text,3,1,0,78
mohitmishra786/vantage,YAML,2,2,5,39
mohitmishra786/never,Bourne Shell,1,38,34,143
mohitmishra786/never,JSON,12,0,0,6532
mohitmishra786/never,JavaScript,2,13,13,72
mohitmishra786/never,Markdown,36,701,0,1868
mohitmishra786/never,Ruby,1,3,0,15
mohitmishra786/never,TypeScript,31,1337,1108,6201
mohitmishra786/never,YAML,4,52,25,179
mohitmishra786/confscout,CSS,1,48,24,255
mohitmishra786/confscout,JSON,5,0,0,41279
mohitmishra786/confscout,JavaScript,2,5,0,16
mohitmishra786/confscout,Markdown,3,49,8,110
mohitmishra786/confscout,Python,16,464,352,1990
mohitmishra786/confscout,SVG,7,0,0,30
mohitmishra786/confscout,Text,3,4,0,15
mohitmishra786/confscout,TypeScript,23,282,207,2096
mohitmishra786/confscout,YAML,1,11,6,51
mohitmishra786/neuro-code,CSS,1,98,29,638
mohitmishra786/neuro-code,Dockerfile,2,35,22,58
mohitmishra786/neuro-code,HTML,1,0,0,13
mohitmishra786/neuro-code,JSON,4,0,0,4327
mohitmishra786/neuro-code,Markdown,4,145,0,514
mohitmishra786/neuro-code,Python,35,1545,2008,5082
mohitmishra786/neuro-code,TOML,1,13,0,121
mohitmishra786/neuro-code,Text,1,8,0,28
mohitmishra786/neuro-code,TypeScript,23,380,258,2288
mohitmishra786/neuro-code,YAML,1,5,0,76
mohitmishra786/vaak,Markdown,4,209,0,440
mohitmishra786/vaak,Python,10,350,450,850
mohitmishra786/vaak,TOML,1,12,0,101
mohitmishra786/BitsAndBytes,Assembly,7,111,82,1207
mohitmishra786/BitsAndBytes,C,137,2067,557,9800
mohitmishra786/BitsAndBytes,C++,1,17,7,54
mohitmishra786/BitsAndBytes,C/C++ Header,3,10,0,72
mohitmishra786/BitsAndBytes,Markdown,33,428,0,1059
mohitmishra786/BitsAndBytes,Python,1,6,3,17
mohitmishra786/BitsAndBytes,SWIG,3,3766,0,3765
mohitmishra786/BitsAndBytes,Text,8,59,0,187
mohitmishra786/BitsAndBytes,make,1,4,0,12
mohitmishra786/low-level-quest,C,1,4,1,18
mohitmishra786/low-level-quest,CSS,13,311,38,1872
mohitmishra786/low-level-quest,HTML,1,3,0,15
mohitmishra786/low-level-quest,JSON,3,0,0,64
mohitmishra786/low-level-quest,JavaScript,31,415,357,2908
mohitmishra786/low-level-quest,Markdown,1,45,0,179
mohitmishra786/low-level-quest,SQL,2,265,260,682
mohitmishra786/low-level-quest,Text,1,9,0,65
mohitmishra786/decoding-magic-of-compiler,Bourne Shell,2,21,22,68
mohitmishra786/decoding-magic-of-compiler,CSS,1,41,7,187
mohitmishra786/decoding-magic-of-compiler,HTML,4,26,0,126
mohitmishra786/decoding-magic-of-compiler,Markdown,17,1661,0,6418
mohitmishra786/decoding-magic-of-compiler,Ruby,1,10,6,22
mohitmishra786/decoding-magic-of-compiler,SCSS,1,41,7,187
mohitmishra786/decoding-magic-of-compiler,YAML,3,16,8,97
mohitmishra786/inside-the-machine,Bourne Shell,1,8,6,14
mohitmishra786/inside-the-machine,HTML,7,28,0,257
mohitmishra786/inside-the-machine,JavaScript,1,5,4,13
mohitmishra786/inside-the-machine,Markdown,45,8264,0,21416
mohitmishra786/inside-the-machine,Ruby,1,6,7,30
mohitmishra786/inside-the-machine,SCSS,4,37,13,171
mohitmishra786/inside-the-machine,Text,1,1,0,3
mohitmishra786/inside-the-machine,YAML,2,18,12,97
mohitmishra786/tensor-programming,Bourne Shell,2,16,12,39
mohitmishra786/tensor-programming,CSS,2,50,14,332
mohitmishra786/tensor-programming,HTML,4,14,0,151
mohitmishra786/tensor-programming,Markdown,24,5033,0,17282
mohitmishra786/tensor-programming,SCSS,1,48,10,195
mohitmishra786/tensor-programming,YAML,2,16,9,108
mohitmishra786/chessman,Ant,1,14,0,60
mohitmishra786/chessman,Assembly,49,2395,5118,12464
mohitmishra786/chessman,Bourne Again Shell,5,85,204,845
mohitmishra786/chessman,Bourne Shell,22,288,696,4254
mohitmishra786/chessman,C,292,10733,10578,55340
mohitmishra786/chessman,C++,78,4974,5735,26730
mohitmishra786/chessman,C/C++ Header,179,3403,4121,13228
mohitmishra786/chessman,CSS,1,16,17,75
mohitmishra786/chessman,ERB,7,58,0,144
mohitmishra786/chessman,Expect,18,244,484,938
mohitmishra786/chessman,HTML,217,871,16,3058
mohitmishra786/chessman,JSON,2,13,0,994
mohitmishra786/chessman,Java,51,1565,4031,10759
mohitmishra786/chessman,JavaScript,1,114,0,1069
mohitmishra786/chessman,Markdown,120,8800,272,24506
mohitmishra786/chessman,Perl,2,58,103,177
mohitmishra786/chessman,Python,5,111,38,490
mohitmishra786/chessman,Ruby,1332,22898,33009,113438
mohitmishra786/chessman,SCSS,8,111,76,563
mohitmishra786/chessman,Text,231,2971,0,16156
mohitmishra786/chessman,Visual Studio Solution,1,1,1,31
mohitmishra786/chessman,XML,9,16,4,354
mohitmishra786/chessman,YAML,27,183,138,1505
mohitmishra786/chessman,m4,14,145,48,2021
mohitmishra786/chessman,make,15,203,53,1081
mohitmishra786/underTheHoodOfExecutables,C,2,4,1,18
mohitmishra786/underTheHoodOfExecutables,HTML,1,33,2,257
mohitmishra786/underTheHoodOfExecutables,Markdown,18,1299,0,4092
mohitmishra786/reversingBits,HTML,1,120,1,760
mohitmishra786/reversingBits,Markdown,46,1725,0,7030
mohitmishra786/merkle-db-sync,CSS,1,87,0,527
mohitmishra786/merkle-db-sync,HTML,1,8,2,181
mohitmishra786/merkle-db-sync,JavaScript,1,168,67,744
mohitmishra786/merkle-db-sync,Markdown,1,59,0,216
mohitmishra786/myJourneyOfBuildingOS,C,23,1520,801,6388
mohitmishra786/myJourneyOfBuildingOS,D,4,0,0,4
mohitmishra786/myJourneyOfBuildingOS,HTML,2,114,11,910
mohitmishra786/myJourneyOfBuildingOS,JavaScript,2,104,46,828
mohitmishra786/myJourneyOfBuildingOS,Markdown,55,5260,0,19003
mohitmishra786/myJourneyOfBuildingOS,XML,4,0,0,80
mohitmishra786/myJourneyOfBuildingOS,YAML,6,5,0,49
mohitmishra786/myJourneyOfBuildingOS,make,5,85,60,448
mohitmishra786/resource-grep,Dockerfile,6,40,28,75
mohitmishra786/resource-grep,HTML,1,139,5,925
mohitmishra786/resource-grep,JSON,1,0,0,7
mohitmishra786/resource-grep,Markdown,12,749,1,2806
mohitmishra786/resource-grep,Python,15,371,424,1550
mohitmishra786/resource-grep,Text,3,25,0,2328
mohitmishra786/resource-grep,YAML,1,8,0,129
mohitmishra786/netHex,C,1,261,53,731
mohitmishra786/netHex,Markdown,1,26,0,50
mohitmishra786/netHex,make,1,9,0,25
mohitmishra786/prompt-craft,JSON,5,4,0,543
mohitmishra786/prompt-craft,JavaScript,4,12,5,27
mohitmishra786/prompt-craft,Markdown,14,556,0,2055
mohitmishra786/prompt-craft,TypeScript,10,294,221,1879
mohitmishra786/My-Code-Snippets,C++,10,67,137,350
mohitmishra786/My-Code-Snippets,Markdown,1,1,0,2
mohitmishra786/My-Code-Snippets,Python,1,61,21,222
mohitmishra786/CodeDocGen,Bourne Shell,2,147,132,650
mohitmishra786/CodeDocGen,CMake,1,14,13,54
mohitmishra786/CodeDocGen,JSON,5,3,0,4771
mohitmishra786/CodeDocGen,Java,1,0,43,10
mohitmishra786/CodeDocGen,JavaScript,1,0,33,6
mohitmishra786/CodeDocGen,Markdown,12,575,0,2270
mohitmishra786/CodeDocGen,Python,25,1715,2544,5105
mohitmishra786/CodeDocGen,Text,1,0,0,10
mohitmishra786/CodeDocGen,TypeScript,5,59,30,267
mohitmishra786/CodeDocGen,YAML,2,26,18,149
mohitmishra786/linux-distro-setup-in-mac,Bourne Shell,8,108,84,550
mohitmishra786/linux-distro-setup-in-mac,C,25,135,69,480
mohitmishra786/linux-distro-setup-in-mac,C/C++ Header,2,8,4,16
mohitmishra786/linux-distro-setup-in-mac,JSON,2,1,0,157
mohitmishra786/linux-distro-setup-in-mac,Markdown,5,306,0,826
mohitmishra786/linux-distro-setup-in-mac,TypeScript,9,110,64,602
mohitmishra786/linux-distro-setup-in-mac,YAML,2,19,0,198
mohitmishra786/linux-distro-setup-in-mac,make,1,23,9,87
mohitmishra786/my-portfolio,Markdown,1,0,0,1
mohitmishra786/portfolio,CSS,1,12,1,154
mohitmishra786/portfolio,JSON,4,0,0,8670
mohitmishra786/portfolio,JavaScript,2,3,2,20
mohitmishra786/portfolio,Markdown,2,17,0,41
mohitmishra786/portfolio,SVG,5,0,0,5
mohitmishra786/portfolio,TypeScript,41,223,24,2378
mohitmishra786/amILearningEnough,CSS,1,15,6,58
mohitmishra786/amILearningEnough,HTML,1,5,2,44
mohitmishra786/amILearningEnough,Markdown,67,1721,0,6376
mohitmishra786/amILearningEnough,Text,1,0,0,29
mohitmishra786/amILearningEnough,YAML,3,6,0,128
mohitmishra786/WhyNotNow,CSS,3,62,17,385
mohitmishra786/WhyNotNow,HTML,7,59,4,509
mohitmishra786/WhyNotNow,JSON,3,0,0,1716
mohitmishra786/WhyNotNow,JavaScript,3,70,36,337
mohitmishra786/WhyNotNow,Markdown,1,0,0,1
mohitmishra786/WhyNotNow,SVG,1,0,0,1
mohitmishra786/EddieBot,Bourne Shell,2,2,0,7
mohitmishra786/EddieBot,Dockerfile,1,13,0,18
mohitmishra786/EddieBot,JSON,6,0,0,29107
mohitmishra786/EddieBot,JavaScript,2,0,0,25
mohitmishra786/EddieBot,Markdown,4,93,0,161
mohitmishra786/EddieBot,TypeScript,25,89,13,612
mohitmishra786/EddieBot,YAML,14,21,8,366
mohitmishra786/control,Bourne Again Shell,1,4,6,22
mohitmishra786/control,Bourne Shell,5,78,59,312
mohitmishra786/control,Markdown,2,96,0,208
mohitmishra786/control,Swift,51,2347,1938,8251
mohitmishra786/control,TOML,4,66,77,117
mohitmishra786/control,XML,2,20,28,62
mohitmishra786/control,YAML,3,28,2,116
mohitmishra786/mohit-portfolio,CSS,6,2208,187,23367
mohitmishra786/mohit-portfolio,JSON,10,0,0,6369
mohitmishra786/mohit-portfolio,JSX,16,58,2,890
mohitmishra786/mohit-portfolio,JavaScript,4,19,5,381
mohitmishra786/mohit-portfolio,Markdown,1,26,0,67
mohitmishra786/mohit-portfolio,SVG,4,0,0,4
mohitmishra786/mohit-portfolio,Text,1,0,0,3
mohitmishra786/mohit-portfolio,YAML,1,0,0,10
mohitmishra786/crave-delivery,Bourne Shell,3,11,7,44
mohitmishra786/crave-delivery,Dart,21,390,167,3113
mohitmishra786/crave-delivery,Dockerfile,2,21,21,27
mohitmishra786/crave-delivery,Go,15,609,408,2985
mohitmishra786/crave-delivery,HTML,1,9,14,36
mohitmishra786/crave-delivery,JSON,2,0,0,66
mohitmishra786/crave-delivery,Markdown,5,198,0,512
mohitmishra786/crave-delivery,SQL,3,105,136,197
mohitmishra786/crave-delivery,YAML,3,21,30,115
gutsOfDarkness/crave-delivery,Bourne Shell,3,11,7,44
gutsOfDarkness/crave-delivery,Dart,21,390,167,3113
gutsOfDarkness/crave-delivery,Dockerfile,2,21,21,27
gutsOfDarkness/crave-delivery,Go,15,609,408,2985
gutsOfDarkness/crave-delivery,HTML,1,9,14,36
gutsOfDarkness/crave-delivery,JSON,2,0,0,66
gutsOfDarkness/crave-delivery,Markdown,5,198,0,512
gutsOfDarkness/crave-delivery,SQL,3,105,136,197
gutsOfDarkness/crave-delivery,YAML,3,21,30,115
mohitmishra786/exploring-os,C,5,23,7,98
mohitmishra786/exploring-os,CSS,1,28,8,150
mohitmishra786/exploring-os,HTML,7,13,3,132
mohitmishra786/exploring-os,JavaScript,1,3,0,13
mohitmishra786/exploring-os,Markdown,83,6981,0,23785
mohitmishra786/exploring-os,YAML,1,4,3,22
mohitmishra786/exploring-os,make,1,6,7,8
implement-from-scratch/shell-c,C,4,167,180,728
implement-from-scratch/shell-c,C/C++ Header,1,13,41,24
implement-from-scratch/shell-c,Markdown,18,704,0,1804
implement-from-scratch/shell-c,YAML,2,12,0,116
implement-from-scratch/shell-c,make,1,8,7,18
implement-from-scratch/memory-allocator-c,Bourne Again Shell,1,7,5,25
implement-from-scratch/memory-allocator-c,Bourne Shell,4,35,22,150
implement-from-scratch/memory-allocator-c,C,2,279,192,943
implement-from-scratch/memory-allocator-c,C/C++ Header,1,33,57,133
implement-from-scratch/memory-allocator-c,CMake,1,5,5,30
implement-from-scratch/memory-allocator-c,INI,1,5,0,17
implement-from-scratch/memory-allocator-c,Markdown,20,1644,14,5232
implement-from-scratch/memory-allocator-c,YAML,5,64,21,328
implement-from-scratch/memory-allocator-c,make,1,30,25,209
implement-from-scratch/website,CSS,1,31,6,173
implement-from-scratch/website,JSON,3,0,0,9682
implement-from-scratch/website,JavaScript,4,1,9,65
implement-from-scratch/website,Markdown,1,11,0,55
implement-from-scratch/website,TypeScript,28,365,201,2977
implement-from-scratch/.github,Markdown,2,12,0,24
implement-from-scratch/.github,YAML,1,0,0,13
implement-from-scratch/template-repo,Bourne Again Shell,1,7,5,25
implement-from-scratch/template-repo,Bourne Shell,4,35,22,152
implement-from-scratch/template-repo,CMake,1,5,5,30
implement-from-scratch/template-repo,INI,1,5,0,17
implement-from-scratch/template-repo,Markdown,9,66,14,216
implement-from-scratch/template-repo,YAML,8,90,12,499
implement-from-scratch/template-repo,make,1,32,23,133
mohitmishra786/RepoToVideo,Markdown,3,313,0,879
mohitmishra786/RepoToVideo,Python,18,1105,1413,4045
mohitmishra786/RepoToVideo,Text,2,2,0,172
mohitmishra786/build-distributed-systems,CSS,1,19,5,76
mohitmishra786/build-distributed-systems,JSON,3,0,0,7294
mohitmishra786/build-distributed-systems,JavaScript,2,3,2,20
mohitmishra786/build-distributed-systems,Markdown,12,244,0,330
mohitmishra786/build-distributed-systems,SVG,5,0,0,5
mohitmishra786/build-distributed-systems,TypeScript,48,1675,123,10850
mohitmishra786/compiler-craft,CSS,1,13,3,73
mohitmishra786/compiler-craft,JSON,3,0,0,12347
mohitmishra786/compiler-craft,JavaScript,2,3,2,20
mohitmishra786/compiler-craft,Markdown,11,497,0,1417
mohitmishra786/compiler-craft,SVG,5,0,0,5
mohitmishra786/compiler-craft,TypeScript,48,1485,627,7522
implement-from-scratch/malloc-c,Markdown,6,39,0,99
implement-from-scratch/malloc-c,YAML,3,14,0,89
OmdenaAI/omdena-srilanka-tea-quality,Bourne Shell,2,36,24,164
OmdenaAI/omdena-srilanka-tea-quality,C/C++ Header,1,0,0,1
OmdenaAI/omdena-srilanka-tea-quality,CSS,2,28,8,179
OmdenaAI/omdena-srilanka-tea-quality,DOS Batch,2,31,2,89
OmdenaAI/omdena-srilanka-tea-quality,Dart,16,166,32,1160
OmdenaAI/omdena-srilanka-tea-quality,Dockerfile,1,6,10,9
OmdenaAI/omdena-srilanka-tea-quality,Gradle,6,36,8,148
OmdenaAI/omdena-srilanka-tea-quality,HTML,7,77,14,307
OmdenaAI/omdena-srilanka-tea-quality,JSON,4,0,0,181
OmdenaAI/omdena-srilanka-tea-quality,Java,4,51,29,265
OmdenaAI/omdena-srilanka-tea-quality,JavaScript,3,22,25,193
OmdenaAI/omdena-srilanka-tea-quality,Jupyter Notebook,14,0,3351,2703
OmdenaAI/omdena-srilanka-tea-quality,Kotlin,1,2,0,4
OmdenaAI/omdena-srilanka-tea-quality,Markdown,20,83,0,289
OmdenaAI/omdena-srilanka-tea-quality,ProGuard,1,3,18,0
OmdenaAI/omdena-srilanka-tea-quality,Properties,4,0,18,16
OmdenaAI/omdena-srilanka-tea-quality,Python,47,1171,891,4112
OmdenaAI/omdena-srilanka-tea-quality,Swift,1,1,0,12
OmdenaAI/omdena-srilanka-tea-quality,Text,10,7,0,262
OmdenaAI/omdena-srilanka-tea-quality,XML,34,17,56,1674
OmdenaAI/omdena-srilanka-tea-quality,YAML,15,93,132,480
OmdenaAI/omdena-texas-homelessness,CSV,62,11,0,186193
OmdenaAI/omdena-texas-homelessness,HTML,5,340,0,192346
OmdenaAI/omdena-texas-homelessness,Jupyter Notebook,54,0,243098,24643
OmdenaAI/omdena-texas-homelessness,Markdown,35,178,0,681
OmdenaAI/omdena-texas-homelessness,Python,15,147,71,848
OmdenaAI/omdena-texas-homelessness,R,1,73,9,23
OmdenaAI/omdena-texas-homelessness,Text,1,0,0,14
mohitmishra786/miniPerceptron,C,2,92,9,405
mohitmishra786/miniPerceptron,Markdown,1,18,0,82
mohitmishra786/UnderTheHood,HTML,1,59,2,684
mohitmishra786/UnderTheHood,Markdown,2,27,0,120
OmdenaAI/HOTOSM-Street-Level,CSV,1,0,0,801
OmdenaAI/HOTOSM-Street-Level,JSON,3,0,0,90
OmdenaAI/HOTOSM-Street-Level,Jupyter Notebook,9,0,1660,2217
OmdenaAI/HOTOSM-Street-Level,Markdown,4,68,0,170
OmdenaAI/HOTOSM-Street-Level,Python,15,356,389,1297
OmdenaAI/HOTOSM-Street-Level,TOML,1,1,0,20
OmdenaAI/HOTOSM-Street-Level,XML,3,0,0,3
OmdenaAI/HOTOSM-Street-Level,YAML,1,4,2,38
mohitmishra786/Deep-Learning-Papers-Reading-Roadmap,Markdown,1,175,0,172
mohitmishra786/Deep-Learning-Papers-Reading-Roadmap,Python,1,20,1,114
mohitmishra786/Deep-Learning-Papers-Reading-Roadmap,Text,1,0,0,3
mohitmishra786/Data-Science--Cheat-Sheet,Markdown,1,48,0,29
mohitmishra786/hacktoberfest-2022,C,3,12,16,74
mohitmishra786/hacktoberfest-2022,C++,104,839,493,4149
mohitmishra786/hacktoberfest-2022,CSS,5,13,32,1253
mohitmishra786/hacktoberfest-2022,CSV,1,0,0,1339
mohitmishra786/hacktoberfest-2022,HTML,6,38,69,1599
mohitmishra786/hacktoberfest-2022,Java,10,92,29,371
mohitmishra786/hacktoberfest-2022,JavaScript,4,25,10,86
mohitmishra786/hacktoberfest-2022,Jupyter Notebook,7,0,4360,1252
mohitmishra786/hacktoberfest-2022,Markdown,8,40,1,106
mohitmishra786/hacktoberfest-2022,Python,105,383,148,2743
mohitmishra786/hacktoberfest-2022,SVG,10,0,0,80
mohitmishra786/hacktoberfest-2022,Text,1,0,0,1
mohitmishra786/hacktoberfest-2022,XML,6,0,0,222
mohitmishra786/hacktoberfest-2022,kvlang,2,5,0,38
OmdenaAI/HOTOSM-Earth-Observation,Bourne Shell,1,4,4,13
OmdenaAI/HOTOSM-Earth-Observation,Dockerfile,1,7,7,11
OmdenaAI/HOTOSM-Earth-Observation,Jupyter Notebook,6,0,20695,20863
OmdenaAI/HOTOSM-Earth-Observation,Markdown,5,12,0,47
OmdenaAI/HOTOSM-Earth-Observation,Python,13,221,209,587
OmdenaAI/HOTOSM-Earth-Observation,Text,3,1,0,5
OmdenaAI/HOTOSM-Earth-Observation,YAML,1,2,2,4
OmdenaAI/HOTOSM-Earth-Observation,make,1,6,2,17
OmdenaAI/ACAPS,CSS,1,27,7,114
OmdenaAI/ACAPS,CSV,961,84106,0,1048886
OmdenaAI/ACAPS,HTML,2,66,2,325
OmdenaAI/ACAPS,JSON,17,0,0,4507481
OmdenaAI/ACAPS,Jupyter Notebook,67,0,10407359,24672
OmdenaAI/ACAPS,Markdown,20,187,0,458
OmdenaAI/ACAPS,Python,65,1931,2098,8396
OmdenaAI/ACAPS,TOML,1,3,0,12
OmdenaAI/ACAPS,Text,7,431,0,3882
OmdenaAI/ACAPS,XML,7,1,1,7036
OmdenaAI/ACAPS,YAML,1,17,8,122
mohitmishra786/build-your-own-systems,Bourne Shell,2,13,11,92
mohitmishra786/build-your-own-systems,HTML,5,18,0,192
mohitmishra786/build-your-own-systems,Markdown,110,6123,0,23740
mohitmishra786/build-your-own-systems,SCSS,1,115,7,583
mohitmishra786/build-your-own-systems,YAML,2,10,23,94
mohitmishra786/learning-the-old-way,Dockerfile,1,3,1,13
mohitmishra786/learning-the-old-way,Markdown,94,419,0,2594
mohitmishra786/learning-the-old-way,Python,1,24,101,42
mohitmishra786/learning-the-old-way,YAML,1,9,10,99
OmdenaAI/SonoCare,CSV,2,0,0,7158
OmdenaAI/SonoCare,JSON,1,0,0,33
OmdenaAI/SonoCare,Jupyter Notebook,26,0,67778,27661
OmdenaAI/SonoCare,Markdown,14,46,0,85
OmdenaAI/SonoCare,Python,26,842,1119,2559
OmdenaAI/SonoCare,Text,3,15,0,48
OmdenaAI/Climate-KIC,Jupyter Notebook,9,0,4371,2959
OmdenaAI/Climate-KIC,Markdown,16,9,0,26
mohitmishra786/minimalist-md-site-generator,C,8,228,106,1118
mohitmishra786/minimalist-md-site-generator,C/C++ Header,4,15,7,67
mohitmishra786/minimalist-md-site-generator,CMake,9,55,32,276
mohitmishra786/minimalist-md-site-generator,HTML,5,14,0,459
mohitmishra786/minimalist-md-site-generator,Markdown,6,51,0,217
mohitmishra786/minimalist-md-site-generator,Text,3,60,0,330
mohitmishra786/minimalist-md-site-generator,TypeScript,1,0,0,2
mohitmishra786/minimalist-md-site-generator,make,2,87,68,214
mohitmishra786/b-plus-tree-generator,C,9,219,99,903
mohitmishra786/b-plus-tree-generator,C/C++ Header,4,11,4,40
mohitmishra786/b-plus-tree-generator,CMake,1,9,9,26
mohitmishra786/b-plus-tree-generator,Markdown,1,0,0,1
mohitmishra786/lsm-tree-generator,C,9,63,38,618
mohitmishra786/lsm-tree-generator,C/C++ Header,5,20,0,80
mohitmishra786/lsm-tree-generator,CMake,2,7,6,19
mohitmishra786/lsm-tree-generator,Markdown,1,20,0,73
mohitmishra786/DSA-For-Placements,C++,16,99,53,485
mohitmishra786/DSA-For-Placements,Markdown,2,2,0,16
OmdenaAI/Berlin-Chapter-Challenge-Waste-Management,CSV,175,17,0,1027518
OmdenaAI/Berlin-Chapter-Challenge-Waste-Management,HTML,1,22,0,66
OmdenaAI/Berlin-Chapter-Challenge-Waste-Management,JSON,63,124,0,1929764
OmdenaAI/Berlin-Chapter-Challenge-Waste-Management,Jupyter Notebook,37,0,91564,9740
OmdenaAI/Berlin-Chapter-Challenge-Waste-Management,Markdown,26,184,0,435
OmdenaAI/Berlin-Chapter-Challenge-Waste-Management,Python,13,339,212,1247
OmdenaAI/Berlin-Chapter-Challenge-Waste-Management,TOML,1,0,0,6
OmdenaAI/Berlin-Chapter-Challenge-Waste-Management,Text,4,16,0,162
OmdenaAI/Berlin-Chapter-Challenge-Waste-Management,XML,3,6,0,10502
mohitmishra786/MLOps-Basics,Dockerfile,4,21,13,64
mohitmishra786/MLOps-Basics,JSON,6,0,0,509
mohitmishra786/MLOps-Basics,Jupyter Notebook,1,0,792,38
mohitmishra786/MLOps-Basics,Markdown,10,520,0,796
mohitmishra786/MLOps-Basics,Python,23,211,69,897
mohitmishra786/MLOps-Basics,Text,7,0,0,67
mohitmishra786/MLOps-Basics,YAML,7,3,0,78
mohitmishra786/idl-programming-challenge,Markdown,1,11,0,29
mohitmishra786/lfx,Markdown,1,0,0,1
mohitmishra786/awesome-courses,Markdown,2,39,0,1000
mohitmishra786/Notes-From-Obsidian,Markdown,8,44,0,88
mohitmishra786/doing-cs-again,Markdown,2,13,0,80
mohitmishra786/asm-mnist,Assembly,1,110,67,470
mohitmishra786/asm-mnist,Markdown,1,0,0,1
mohitmishra786/kaggle-c-lib,C,4,72,16,304
mohitmishra786/kaggle-c-lib,C/C++ Header,1,6,3,22
mohitmishra786/kaggle-c-lib,CMake,1,9,9,33
mohitmishra786/kaggle-c-lib,Markdown,1,68,0,218
mohitmishra786/just-some-comparisions,Bourne Shell,1,12,4,83
mohitmishra786/just-some-comparisions,C,1,2,1,17
mohitmishra786/just-some-comparisions,Go,1,6,1,25
mohitmishra786/just-some-comparisions,Java,1,4,1,26
mohitmishra786/just-some-comparisions,JavaScript,1,5,1,25
mohitmishra786/just-some-comparisions,Markdown,1,0,0,1
mohitmishra786/just-some-comparisions,Python,2,15,5,59
mohitmishra786/just-some-comparisions,Rust,1,4,1,24
mohitmishra786/just-some-comparisions,TOML,1,1,0,9
mohitmishra786/just-some-comparisions,make,1,9,0,21
mohitmishra786/KernelKafe,CSS,2,49,3,251
mohitmishra786/KernelKafe,HTML,3,11,0,227
mohitmishra786/KernelKafe,Markdown,2,208,0,296
mohitmishra786/Leetcode-Study-Plan,C++,13,32,32,217
mohitmishra786/Leetcode-Study-Plan,Markdown,1,0,0,1
mohitmishra786/Leetcode-Study-Plan,Python,2,3,4,11
mohitmishra786/GFG-100-Days-Of-Code,C++,5,1,3,77
mohitmishra786/GFG-100-Days-Of-Code,Markdown,1,0,0,1
mohitmishra786/CS221_AI,Markdown,1,46,0,74
mohitmishra786/Mushroom-Classification-iNeuron.ai-,CSV,1,0,0,8125
mohitmishra786/Mushroom-Classification-iNeuron.ai-,Jupyter Notebook,2,0,2977,190
mohitmishra786/Mushroom-Classification-iNeuron.ai-,Markdown,1,0,0,1
mohitmishra786/Mushroom-Classification-iNeuron.ai-,YAML,1,4,6,12
mohitmishra786/Natural-Language-Processing-Specialization,CSV,2,0,0,16002
mohitmishra786/Natural-Language-Processing-Specialization,JSON,15,0,0,34964
mohitmishra786/Natural-Language-Processing-Specialization,Jupyter Notebook,73,0,71580,12230
mohitmishra786/Natural-Language-Processing-Specialization,Markdown,3,50,0,66
mohitmishra786/Natural-Language-Processing-Specialization,Python,13,284,307,1091
mohitmishra786/Natural-Language-Processing-Specialization,SVG,20,1,78,7055
mohitmishra786/Natural-Language-Processing-Specialization,Text,75,48456,0,470165
mohitmishra786/Virtual-Assistant,Markdown,2,18,0,38
mohitmishra786/Virtual-Assistant,Python,1,22,7,38
mohitmishra786/Chatbot,Jupyter Notebook,1,0,1263,331
mohitmishra786/Chatbot,Markdown,1,4,0,8
mohitmishra786/Welcome-to-Building-Transformer-Based-Natural-Language-Processing-Applications-,HTML,1,0,0,1
mohitmishra786/Welcome-to-Building-Transformer-Based-Natural-Language-Processing-Applications-,Jupyter Notebook,4,0,1292,204
mohitmishra786/Welcome-to-Building-Transformer-Based-Natural-Language-Processing-Applications-,Markdown,1,8,0,14
mohitmishra786/Sales_Data_Analysis,CSV,12,0,0,186862
mohitmishra786/Sales_Data_Analysis,Jupyter Notebook,1,0,3339,97
mohitmishra786/Sales_Data_Analysis,Markdown,1,9,0,20
mohitmishra786/my_first_blog,Markdown,1,0,0,1
mohitmishra786/Learn_Data_Science_in_3_Months,Markdown,1,23,0,52
mohitmishra786/Smart-Health,CSV,4,0,0,666
mohitmishra786/Smart-Health,HTML,2,2095,2,186797
mohitmishra786/Smart-Health,Jupyter Notebook,28,0,34885,40049
mohitmishra786/Smart-Health,Markdown,5,8,0,42
mohitmishra786/Smart-Health,Text,2,8,0,158
mohitmishra786/py,CSS,4,29,1,181
mohitmishra786/py,CSV,56,3,0,162584
mohitmishra786/py,HTML,3,18,3,237
mohitmishra786/py,JSON,2,0,0,2
mohitmishra786/py,JavaScript,3,15,31,118
mohitmishra786/py,Jupyter Notebook,111,0,102053,4492
mohitmishra786/py,Markdown,38,421,0,1118
mohitmishra786/py,Python,93,501,379,1799
mohitmishra786/py,Text,12,17,0,1136
mohitmishra786/py,XML,23,186,1079,351020
mohitmishra786/project-based-learning,Markdown,6,122,24,622
mohitmishra786/project-based-learning,YAML,2,0,6,19
mohitmishra786/MLOps-For-AI-Engineers,DOS Batch,2,15,1,38
mohitmishra786/MLOps-For-AI-Engineers,Markdown,3,1,0,4
mohitmishra786/MLOps-For-AI-Engineers,PowerShell,1,48,89,104
mohitmishra786/MLOps-For-AI-Engineers,Python,2,8,11,15
mohitmishra786/Hate-speech-detection,CSV,2,0,0,49161
mohitmishra786/Hate-speech-detection,Jupyter Notebook,18,0,86211,2044
mohitmishra786/Hate-speech-detection,Markdown,1,0,0,2
mohitmishra786/Hate-speech-detection,Text,1,1,0,0
mohitmishra786/Neural-Networks-from-Scratch,CSV,1,0,0,801
mohitmishra786/Neural-Networks-from-Scratch,Markdown,1,0,0,2
mohitmishra786/Neural-Networks-from-Scratch,Python,8,64,87,115
mohitmishra786/coding-interview-university,Markdown,28,8291,0,42398
mohitmishra786/coding-interview-university,Text,1,97,0,330
mohitmishra786/coding-interview-university,YAML,2,9,8,69
mohitmishra786/MLOPS-Course,Dockerfile,4,26,2,31
mohitmishra786/MLOPS-Course,JSON,8,0,0,2553
mohitmishra786/MLOPS-Course,Jupyter Notebook,9,0,12060,562
mohitmishra786/MLOPS-Course,Markdown,15,519,0,902
mohitmishra786/MLOPS-Course,Python,23,442,63,1270
mohitmishra786/MLOPS-Course,Text,5,0,0,49
mohitmishra786/MLOPS-Course,YAML,5,21,57,141
mohitmishra786/Career-Recommendation-System,CSV,1,0,0,144
mohitmishra786/Career-Recommendation-System,JSON,1,0,0,1
mohitmishra786/Career-Recommendation-System,Jupyter Notebook,32,0,524362,21009
mohitmishra786/Career-Recommendation-System,Markdown,15,71,0,294
mohitmishra786/Career-Recommendation-System,Python,5,96,132,270
mohitmishra786/Career-Recommendation-System,Text,4,88,0,1208
mohitmishra786/kickstart.nvim,Lua,9,146,530,555
mohitmishra786/kickstart.nvim,Markdown,4,69,5,210
mohitmishra786/kickstart.nvim,TOML,1,0,0,6
mohitmishra786/kickstart.nvim,Text,1,4,0,20
mohitmishra786/kickstart.nvim,YAML,1,2,1,18
mohitmishra786/Rescue-from-Git-Issues,Markdown,10,22,0,55
mohitmishra786/CohortLift,CSS,6,80,13,468
mohitmishra786/CohortLift,HTML,7,9,5,140
mohitmishra786/CohortLift,INI,1,3,0,13
mohitmishra786/CohortLift,JSON,6,0,0,13810
mohitmishra786/CohortLift,Markdown,1,17,0,30
mohitmishra786/CohortLift,TypeScript,18,70,43,304
SampathRakesh/CohortLift,CSS,4,56,3,306
SampathRakesh/CohortLift,HTML,5,3,14,100
SampathRakesh/CohortLift,INI,1,3,0,13
SampathRakesh/CohortLift,JSON,6,0,0,13810
SampathRakesh/CohortLift,Markdown,1,17,0,30
SampathRakesh/CohortLift,TypeScript,14,56,42,230
mohitmishra786/not-sure-now,Markdown,1,0,0,1
mohitmishra786/not-sure-now,Python,2,12,5,77
OmdenaAI/laguna-philippines-rice-disease,Dockerfile,1,4,0,5
OmdenaAI/laguna-philippines-rice-disease,Jupyter Notebook,2,0,2203,534
OmdenaAI/laguna-philippines-rice-disease,Markdown,7,61,0,143
OmdenaAI/laguna-philippines-rice-disease,Python,7,142,30,420
OmdenaAI/laguna-philippines-rice-disease,Text,3,0,0,20
mohitmishra786/Data-Science-Cheat-Sheet,Markdown,1,0,0,1
mohitmishra786/Full-Stack-Engineering,HTML,1,0,0,1
mohitmishra786/Full-Stack-Engineering,JavaScript,1,3,1,9
mohitmishra786/Full-Stack-Engineering,Markdown,24,286,7,553
mohitmishra786/Resources,Markdown,1,93,0,223
mohitmishra786/ML-and-DL,CSS,1,11,0,71
mohitmishra786/ML-and-DL,CSV,2,0,0,49161
mohitmishra786/ML-and-DL,DOS Batch,4,33,3,84
mohitmishra786/ML-and-DL,HTML,1,2,0,43
mohitmishra786/ML-and-DL,JSON,1,0,0,14
mohitmishra786/ML-and-DL,Jupyter Notebook,20,0,27685,1669
mohitmishra786/ML-and-DL,Markdown,15,36,0,85
mohitmishra786/ML-and-DL,PowerShell,1,49,246,104
mohitmishra786/ML-and-DL,Python,17,338,422,1208
mohitmishra786/ML-and-DL,SVG,4,0,88,514
mohitmishra786/ML-and-DL,Text,1,0,0,24
mohitmishra786/Awesome-Decision-Science,Markdown,3,41,0,489
mohitmishra786/Research-Paper-Reading,Markdown,5,51,0,103
OmdenaAI/omdena-colombia-career-recommender-system,CSV,1,0,0,144
OmdenaAI/omdena-colombia-career-recommender-system,JSON,1,0,0,1
OmdenaAI/omdena-colombia-career-recommender-system,Jupyter Notebook,32,0,524362,21009
OmdenaAI/omdena-colombia-career-recommender-system,Markdown,15,73,0,302
OmdenaAI/omdena-colombia-career-recommender-system,Python,5,96,132,270
OmdenaAI/omdena-colombia-career-recommender-system,Text,4,88,0,1208
mohitmishra786/REST-API,Bourne Shell,6,12,0,60
mohitmishra786/REST-API,DOS Batch,6,12,0,90
mohitmishra786/REST-API,INI,3,14,0,56
mohitmishra786/REST-API,JSON,142,62,0,20286
mohitmishra786/REST-API,JavaScript,752,17317,40719,115464
mohitmishra786/REST-API,Markdown,202,9791,65,26667
mohitmishra786/REST-API,PowerShell,6,6,30,132
mohitmishra786/REST-API,Text,11,40,0,178
mohitmishra786/REST-API,TypeScript,265,6293,43649,45197
mohitmishra786/REST-API,YAML,29,20,7,450
mohitmishra786/REST-API,make,3,20,4,57
mohitmishra786/bitsToNeurons,Markdown,7,418,0,1010
mohitmishra786/understandingCompiler,Markdown,11,532,0,2286
mohitmishra786/bustub-private,Bazel,1,5,0,22
mohitmishra786/bustub-private,Bourne Again Shell,1,0,0,1
mohitmishra786/bustub-private,Bourne Shell,8,71,98,377
mohitmishra786/bustub-private,C,51,3169,1542,34476
mohitmishra786/bustub-private,C++,398,18818,20688,106212
mohitmishra786/bustub-private,C/C++ Header,324,15341,32217,68813
mohitmishra786/bustub-private,CMake,74,631,685,3337
mohitmishra786/bustub-private,CSS,3,181,30,721
mohitmishra786/bustub-private,CUDA,1,6,9,13
mohitmishra786/bustub-private,DOS Batch,2,12,4,46
mohitmishra786/bustub-private,Gradle,1,11,28,93
mohitmishra786/bustub-private,HTML,14,544,15,3926
mohitmishra786/bustub-private,JSON,1,0,0,12
mohitmishra786/bustub-private,JavaScript,10,2289,2319,8443
mohitmishra786/bustub-private,Julia,1,18,52,99
mohitmishra786/bustub-private,LESS,71,1178,1533,5538
mohitmishra786/bustub-private,Markdown,59,4447,4,14281
mohitmishra786/bustub-private,Python,49,2458,5440,8351
mohitmishra786/bustub-private,Ruby,1,35,65,348
mohitmishra786/bustub-private,SCSS,2,37,3,165
mohitmishra786/bustub-private,SVG,3,14,0,370
mohitmishra786/bustub-private,Starlark,6,91,118,774
mohitmishra786/bustub-private,Text,5,269,0,1655
mohitmishra786/bustub-private,Visual Studio Solution,7,7,7,200
mohitmishra786/bustub-private,XML,17,0,0,1766
mohitmishra786/bustub-private,YAML,30,277,282,2999
mohitmishra786/bustub-private,lex,1,175,403,1074
mohitmishra786/bustub-private,make,8,100,29,274
mohitmishra786/bustub-private,reStructuredText,12,1945,348,5915
mohitmishra786/bustub-private,yacc,34,578,920,5801
mohitmishra786/meshery,Bourne Shell,8,27,28,147
mohitmishra786/meshery,CSS,21,7674,1050,38640
mohitmishra786/meshery,CSV,1,0,0,872
mohitmishra786/meshery,Dockerfile,4,19,17,151
mohitmishra786/meshery,Go,359,11146,7621,77607
mohitmishra786/meshery,GraphQL,1,142,123,436
mohitmishra786/meshery,HTML,1196,304885,83947,909856
mohitmishra786/meshery,Haml,1,47,40,86
mohitmishra786/meshery,INI,1,5,0,15
mohitmishra786/meshery,JSON,5736,3,0,367059
mohitmishra786/meshery,JavaScript,607,4951,3896,72440
mohitmishra786/meshery,Markdown,2514,10852,832,72753
mohitmishra786/meshery,Protocol Buffers,1,25,1,86
mohitmishra786/meshery,Python,1,12,0,58
mohitmishra786/meshery,Ruby,4,128,59,418
mohitmishra786/meshery,SCSS,21,352,143,2590
mohitmishra786/meshery,SVG,912,64,8,11308
mohitmishra786/meshery,Text,13,4,0,256
mohitmishra786/meshery,XML,11,7,0,254
mohitmishra786/meshery,YAML,224,1166,1177,95276
mohitmishra786/meshery,make,7,103,157,386
mohitmishra786/practice,Markdown,1,0,0,1
mohitmishra786/practice,Python,3,0,0,3
mohitmishra786/LFN-Thoth-Mentorship,Jupyter Notebook,2,0,2,0
mohitmishra786/LFN-Thoth-Mentorship,Markdown,1,0,0,1
mohitmishra786/LFN-Thoth-Mentorship,Text,1,0,0,823
mohitmishra786/blackbox,JSON,2,0,0,956
mohitmishra786/blackbox,JavaScript,4,11,5,78
mohitmishra786/blackbox,Markdown,2,4,0,16
OmdenaAI/dhaka-bangladesh-real-estate-recommendation,CSV,58,4366,0,416233
OmdenaAI/dhaka-bangladesh-real-estate-recommendation,Dockerfile,1,4,0,5
OmdenaAI/dhaka-bangladesh-real-estate-recommendation,HTML,1,2588,2,16222
OmdenaAI/dhaka-bangladesh-real-estate-recommendation,JSON,1,0,0,4047
OmdenaAI/dhaka-bangladesh-real-estate-recommendation,Jupyter Notebook,59,0,162856,37585
OmdenaAI/dhaka-bangladesh-real-estate-recommendation,Markdown,17,99,0,228
OmdenaAI/dhaka-bangladesh-real-estate-recommendation,Python,43,931,681,2629
OmdenaAI/dhaka-bangladesh-real-estate-recommendation,R,1,14,13,31
OmdenaAI/dhaka-bangladesh-real-estate-recommendation,Text,4,0,0,18
OmdenaAI/dhaka-bangladesh-real-estate-recommendation,XML,7,0,0,95
OmdenaAI/latam-chapters-news-detector,Bourne Shell,1,0,0,8
OmdenaAI/latam-chapters-news-detector,CSV,77,402434,0,897378
OmdenaAI/latam-chapters-news-detector,HTML,3,747,0,1839
OmdenaAI/latam-chapters-news-detector,INI,1,4,0,5
OmdenaAI/latam-chapters-news-detector,Jupyter Notebook,42,0,63178,59161
OmdenaAI/latam-chapters-news-detector,Markdown,11,116,58,224
OmdenaAI/latam-chapters-news-detector,Python,2,76,83,254
OmdenaAI/latam-chapters-news-detector,SVG,4,0,0,4
OmdenaAI/latam-chapters-news-detector,Text,3,1,0,17
OmdenaAI/sao-paulo-brazil-plant-diseases,CSV,5,0,0,1582
OmdenaAI/sao-paulo-brazil-plant-diseases,Dockerfile,1,5,3,9
OmdenaAI/sao-paulo-brazil-plant-diseases,Jupyter Notebook,18,0,116085,24983
OmdenaAI/sao-paulo-brazil-plant-diseases,Markdown,22,48,0,162
OmdenaAI/sao-paulo-brazil-plant-diseases,Python,15,398,219,1462
OmdenaAI/sao-paulo-brazil-plant-diseases,Text,1,1,0,16
OmdenaAI/sao-paulo-brazil-plant-diseases,YAML,1,2,0,10
OmdenaAI/lagos-chapter-water-availability,CSV,7,0,0,94283
OmdenaAI/lagos-chapter-water-availability,JSON,1,0,0,1
OmdenaAI/lagos-chapter-water-availability,Jupyter Notebook,9,0,5179,7119
OmdenaAI/lagos-chapter-water-availability,Markdown,18,82,58,122
OmdenaAI/lagos-chapter-water-availability,Python,2,49,18,177
OmdenaAI/lagos-chapter-water-availability,Text,1,0,0,1
OmdenaAI/lagos-chapter-water-availability,YAML,1,2,6,19
OmdenaAI/bhutan-chapter-forest-fire-detection,CSV,1,0,0,1329
OmdenaAI/bhutan-chapter-forest-fire-detection,Jupyter Notebook,5,0,27345,1726
OmdenaAI/bhutan-chapter-forest-fire-detection,Markdown,12,81,58,109
OmdenaAI/latam-chapters-news-validator,CSS,1,21,0,134
OmdenaAI/latam-chapters-news-validator,CSV,1,0,0,494
OmdenaAI/latam-chapters-news-validator,HTML,5,2,17,246
OmdenaAI/latam-chapters-news-validator,JSON,1,1,0,28
OmdenaAI/latam-chapters-news-validator,JavaScript,2,14,20,119
OmdenaAI/latam-chapters-news-validator,Jupyter Notebook,3,0,1240,1604
OmdenaAI/latam-chapters-news-validator,Markdown,12,23,12,275
OmdenaAI/latam-chapters-news-validator,Python,6,65,72,255
OmdenaAI/latam-chapters-news-validator,Text,3,0,0,21
mohitmishra786/mohit-medium,JSON,2,0,0,31
mohitmishra786/mohit-medium,JavaScript,4,44,0,145
mohitmishra786/mohit-medium,Markdown,1,13,0,28
OmdenaAI/liberia-fake-news-detection,CSV,6,414,0,31110
OmdenaAI/liberia-fake-news-detection,Jupyter Notebook,15,0,28862,6322
OmdenaAI/liberia-fake-news-detection,Markdown,18,113,58,198
OmdenaAI/liberia-fake-news-detection,Python,9,69,96,187
OmdenaAI/liberia-fake-news-detection,TOML,1,0,0,6
OmdenaAI/liberia-fake-news-detection,Text,4,312,0,2457
OmdenaAI/liberia-fake-news-detection,XML,5,0,0,142
ayushprd/RoadAI,Jupyter Notebook,3,0,8885,174
mohitmishra786/full-stack-practice,Bourne Shell,1,0,0,3
mohitmishra786/full-stack-practice,HTML,1,4,0,10
mohitmishra786/full-stack-practice,JSON,2,0,0,1787
mohitmishra786/full-stack-practice,JavaScript,2,23,5,68
mohitmishra786/full-stack-practice,Markdown,1,1,0,12
mohitmishra786/My-Codeforces-Solution,C++,99,1112,800,6553
mohitmishra786/My-Codeforces-Solution,Markdown,2,8,0,17
OmdenaAI/kolkata-india-anomalies-martian-continuation,Markdown,14,81,58,107
OmdenaAI/omdena-tunisia-renewable,Jupyter Notebook,3,0,1179,837
OmdenaAI/omdena-tunisia-renewable,Markdown,17,26,0,118
OmdenaAI/omdena-tunisia-renewable,Python,2,42,49,139
mohitmishra786/my-angular-related-work,CSS,2,10,2,68
mohitmishra786/my-angular-related-work,HTML,5,73,22,442
mohitmishra786/my-angular-related-work,INI,1,3,0,13
mohitmishra786/my-angular-related-work,JSON,12,0,0,23209
mohitmishra786/my-angular-related-work,Markdown,3,26,0,29
mohitmishra786/my-angular-related-work,TypeScript,12,31,0,157
mohitmishra786/angular-mosh,CSS,1,0,1,0
mohitmishra786/angular-mosh,HTML,3,0,0,16
mohitmishra786/angular-mosh,INI,1,3,0,13
mohitmishra786/angular-mosh,JSON,9,0,0,11477
mohitmishra786/angular-mosh,Markdown,1,13,0,14
mohitmishra786/angular-mosh,TypeScript,7,20,0,91
mohitmishra786/INT-248,Jupyter Notebook,1,0,1591,1531
mohitmishra786/INT-248,Markdown,2,14,0,18
mohitmishra786/INT-248,Text,1,0,0,390
mohitmishra786/INT_246_Project,Jupyter Notebook,1,0,1591,1531
mohitmishra786/INT_246_Project,Markdown,2,14,0,18
mohitmishra786/INT_246_Project,Text,1,0,0,390
mohitmishra786/covid-19-data,CSV,20,0,0,6384525
mohitmishra786/covid-19-data,Markdown,12,420,0,635
mohitmishra786/My-Projects,Markdown,1,1,0,3
mohitmishra786/Homelessness-in-Texas,CSV,62,11,0,186193
mohitmishra786/Homelessness-in-Texas,HTML,5,340,0,192346
mohitmishra786/Homelessness-in-Texas,Jupyter Notebook,54,0,243098,24643
mohitmishra786/Homelessness-in-Texas,Markdown,35,177,0,673
mohitmishra786/Homelessness-in-Texas,Python,15,147,71,848
mohitmishra786/Homelessness-in-Texas,R,1,73,9,23
mohitmishra786/Homelessness-in-Texas,Text,1,0,0,14
mohitmishra786/portfolio-mohit,CSS,6,2208,187,23367
mohitmishra786/portfolio-mohit,JSON,9,0,0,77
mohitmishra786/portfolio-mohit,JSX,16,56,2,886
mohitmishra786/portfolio-mohit,JavaScript,4,19,5,370
mohitmishra786/portfolio-mohit,Markdown,1,36,0,79
mohitmishra786/portfolio-mohit,SVG,4,0,2,3010
mohitmishra786/portfolio-mohit,Text,1,0,0,3
OmdenaAI/omdena-india-roadsafety,CSV,25,18312,0,96380
OmdenaAI/omdena-india-roadsafety,Dockerfile,1,7,0,8
OmdenaAI/omdena-india-roadsafety,JSON,2,0,0,37822
OmdenaAI/omdena-india-roadsafety,Jupyter Notebook,11,0,37390,6761
OmdenaAI/omdena-india-roadsafety,Markdown,23,168,0,370
OmdenaAI/omdena-india-roadsafety,Python,18,382,394,1018
OmdenaAI/omdena-india-roadsafety,Text,3,6,0,742
OmdenaAI/omdena-india-roadsafety,YAML,1,5,0,13
mohitmishra786/Data-Science-Assignment,CSV,3,0,0,3003
mohitmishra786/Data-Science-Assignment,Jupyter Notebook,4,0,3595,386
mohitmishra786/Data-Science-Assignment,Markdown,1,7,0,19
OmdenaAI/srilanka-chapter-mental-health-chatbot,CSS,1,22,7,326
OmdenaAI/srilanka-chapter-mental-health-chatbot,CSV,11,16904,0,70959
OmdenaAI/srilanka-chapter-mental-health-chatbot,HTML,1,6,0,34
OmdenaAI/srilanka-chapter-mental-health-chatbot,JSON,1,8,0,142
OmdenaAI/srilanka-chapter-mental-health-chatbot,JavaScript,2,58,42,508
OmdenaAI/srilanka-chapter-mental-health-chatbot,Jupyter Notebook,10,0,25723,2799
OmdenaAI/srilanka-chapter-mental-health-chatbot,Markdown,13,91,58,124
OmdenaAI/srilanka-chapter-mental-health-chatbot,Python,12,175,119,749
OmdenaAI/srilanka-chapter-mental-health-chatbot,Text,3,1,0,64
OmdenaAI/omdena-bangladesh-market-place,CSS,1,0,0,23
OmdenaAI/omdena-bangladesh-market-place,CSV,26,615275,0,959479
OmdenaAI/omdena-bangladesh-market-place,HTML,1,68,0,6987
OmdenaAI/omdena-bangladesh-market-place,Jupyter Notebook,35,0,43975,2835
OmdenaAI/omdena-bangladesh-market-place,Markdown,17,37,0,181
OmdenaAI/omdena-bangladesh-market-place,Python,12,132,174,464
OmdenaAI/omdena-bangladesh-market-place,Text,4,0,0,1629
OmdenaAI/omdena-nigeria-unemployment,CSV,2,0,0,6550
OmdenaAI/omdena-nigeria-unemployment,Markdown,12,19,0,111
OmdenaAI/omdena-nigeria-unemployment,Python,1,45,54,110
mohitmishra786/My-Blogs,Markdown,1,1,2,6
mohitmishra786/My-Blogs,YAML,1,0,0,14
OmdenaAI/omdena-pakistan-covid-analysis,CSV,2,0,0,2979
OmdenaAI/omdena-pakistan-covid-analysis,Jupyter Notebook,10,0,7391,603
OmdenaAI/omdena-pakistan-covid-analysis,Markdown,11,21,0,120
OmdenaAI/omdena-pakistan-covid-analysis,Python,6,205,72,256
OmdenaAI/omdena-pakistan-covid-analysis,Text,7,0,0,25
OmdenaAI/omdena-pakistan-covid-analysis,XML,1,1,1,2868
OmdenaAI/omdena-mexico-illegal-dumping,CSV,3,0,0,6286
OmdenaAI/omdena-mexico-illegal-dumping,HTML,5,0,0,7495
OmdenaAI/omdena-mexico-illegal-dumping,Jupyter Notebook,6,0,4358,2217
OmdenaAI/omdena-mexico-illegal-dumping,Markdown,11,33,0,125
OmdenaAI/omdena-mexico-illegal-dumping,Python,1,13,6,36
mohitmishra786/Web-Development-Bootcamp,CSS,6,50,10,306
mohitmishra786/Web-Development-Bootcamp,HTML,4,4,0,225
mohitmishra786/Web-Development-Bootcamp,Markdown,3,7,0,12
mohitmishra786/Zomato-Clone,JSON,2,0,0,1359
mohitmishra786/Zomato-Clone,JavaScript,18,75,9,268
mohitmishra786/Zomato-Clone,Markdown,4,0,0,4
mohitmishra786/Application-Form,CSS,2,11,0,68
mohitmishra786/Application-Form,HTML,1,3,20,20
mohitmishra786/Application-Form,JSON,3,0,0,16415
mohitmishra786/Application-Form,JavaScript,9,39,89,236
mohitmishra786/Application-Form,Markdown,2,33,0,39
mohitmishra786/Application-Form,Text,1,0,0,3
OmdenaAI/omdena-france-flu-dashboard,CSV,17,1,0,104846
OmdenaAI/omdena-france-flu-dashboard,HTML,4,136,0,57174
OmdenaAI/omdena-france-flu-dashboard,JSON,1,0,0,1
OmdenaAI/omdena-france-flu-dashboard,Jupyter Notebook,8,0,114804,2536
OmdenaAI/omdena-france-flu-dashboard,Markdown,19,47,0,206
OmdenaAI/omdena-france-flu-dashboard,Python,4,186,246,633
mohitmishra786/My-Codechef-Solutions,C++,14,181,92,1069
mohitmishra786/My-Codechef-Solutions,Markdown,1,0,0,1
mohitmishra786/Location-of-SpaceStation,Jupyter Notebook,1,0,1262,13
mohitmishra786/Location-of-SpaceStation,Markdown,1,2,0,3
mohitmishra786/CSES-Solution,Markdown,1,0,0,2
mohitmishra786/Of-Genomes-And-Genetics---HackerEarth-ML,CSV,3,0,0,72730
mohitmishra786/Of-Genomes-And-Genetics---HackerEarth-ML,HTML,1,68,0,43459
mohitmishra786/Of-Genomes-And-Genetics---HackerEarth-ML,JSON,1,0,0,74
mohitmishra786/Of-Genomes-And-Genetics---HackerEarth-ML,Jupyter Notebook,1,0,50936,435
mohitmishra786/Of-Genomes-And-Genetics---HackerEarth-ML,Markdown,1,21,0,26
mohitmishra786/My-Data-Science-Journey,Bourne Shell,4,27,22,96
mohitmishra786/My-Data-Science-Journey,Dockerfile,2,3,1,12
mohitmishra786/My-Data-Science-Journey,HTML,30,53,8,423
mohitmishra786/My-Data-Science-Journey,INI,1,1,0,43
mohitmishra786/My-Data-Science-Journey,JSON,2,2,0,42
mohitmishra786/My-Data-Science-Journey,JavaScript,2,39,41,226
mohitmishra786/My-Data-Science-Journey,Jupyter Notebook,1,0,776,71
mohitmishra786/My-Data-Science-Journey,Markdown,17,272,4,397
mohitmishra786/My-Data-Science-Journey,Python,4,12,13,41
mohitmishra786/My-Data-Science-Journey,Ruby,2,4,0,20
mohitmishra786/My-Data-Science-Journey,SCSS,4,72,43,403
mohitmishra786/My-Data-Science-Journey,SVG,3,0,0,3
mohitmishra786/My-Data-Science-Journey,Text,2,0,0,4
mohitmishra786/My-Data-Science-Journey,YAML,9,77,57,501
mohitmishra786/My-Data-Science-Journey,make,1,11,10,32
mohitmishra786/Model-Deployment,Jupyter Notebook,1,0,112,218
mohitmishra786/Model-Deployment,Markdown,1,0,0,1
mohitmishra786/Tea-Leaf-Quality,Dockerfile,1,6,10,9
mohitmishra786/Tea-Leaf-Quality,Markdown,3,10,0,30
mohitmishra786/Tea-Leaf-Quality,Python,30,822,736,3089
mohitmishra786/Tea-Leaf-Quality,Text,3,7,0,35
mohitmishra786/Tea-Leaf-Quality,YAML,10,61,45,333
peeush-the-developer/pa-omdena-sl-tea-leaf-quality,Dockerfile,1,6,10,9
peeush-the-developer/pa-omdena-sl-tea-leaf-quality,Markdown,1,9,0,29
peeush-the-developer/pa-omdena-sl-tea-leaf-quality,Python,30,822,736,3089
peeush-the-developer/pa-omdena-sl-tea-leaf-quality,Text,3,7,0,35
peeush-the-developer/pa-omdena-sl-tea-leaf-quality,YAML,10,61,45,333
me50/mohitmishra786,C,1,12,6,36
